{
	"format_version": "1.8.0",
	"animations": {
		"animation.goggles.idle": {
			"loop": true,
			"animation_length": 1.9583,
			"bones": {
				"bone": {
					"rotation": {
						"0.0": [0, 0, 0],
						"0.0417": [0.8802, 0, 0],
						"0.0833": [2.84287, 0, 0],
						"0.125": [4.18068, 0, 0],
						"0.1667": [5.05455, 0, 0],
						"0.2083": [5.65732, 0, 0],
						"0.25": [6.08255, 0, 0],
						"0.5833": [6.60539, 0, 0],
						"0.8333": [5.5, 0, 0],
						"1.375": [2.74731, 0, 0],
						"1.75": [1.26599, 0, 0],
						"1.9583": [0, 0, 0]
					}
				},
				"bone2": {
					"rotation": {
						"0.0": [0, 0, 0],
						"0.0417": [0.45106, 0, 0],
						"0.1667": [3.01543, 0, 0],
						"0.3333": [5.28492, 0, 0],
						"0.625": [6.74915, 0, 0],
						"1.125": [5.5, 0, 0],
						"1.6667": [2.25923, 0, 0],
						"1.9583": [0, 0, 0]
					}
				},
				"bone3": {
					"rotation": {
						"0.0": [0, 0, 0],
						"0.0417": [0.53303, 0, 0],
						"0.125": [2.6671, 0, 0],
						"0.1667": [3.55806, 0, 0],
						"0.2083": [4.28874, 0, 0],
						"0.25": [4.88427, 0, 0],
						"0.4583": [6.50436, 0, 0],
						"1.0": [5.72099, 0, 0],
						"1.0417": [5.5, 0, 0],
						"1.5833": [2.5288, 0, 0],
						"1.9583": [0, 0, 0]
					}
				},
				"bone4": {
					"rotation": {
						"0.0": [0, 0, 0],
						"0.0417": [0.75898, 0, 0],
						"0.0833": [2.4159, 0, 0],
						"0.125": [3.70393, 0, 0],
						"0.1667": [4.61047, 0, 0],
						"0.2083": [5.26774, 0, 0],
						"0.25": [5.75401, 0, 0],
						"0.5417": [6.78517, 0, 0],
						"0.9167": [5.5, 0, 0],
						"1.4583": [2.67104, 0, 0],
						"1.9583": [0, 0, 0]
					}
				}
			}
		}
	}
}
